,Descriptor,Fusion method,Train,Test,Classifier,Scaler,Acc.,Acc. CI_l,Acc. CI_u,Sens.,Spec.
2,ConvNeXt_base+Morphological+HOG,early-fusion,BUID,BUID,Rbf SVC,z-score,96.55172413793103,92.68746369879537,98.05145941934062,95.1219512195122,98.1651376146789
11,ConvNeXt_base+Morphological+HOG,prod,BUID,BrEaST,Rbf SVC,z-score,81.34920634920636,76.05968403697754,85.69731216227173,77.55102040816327,83.76623376623377
1,ConvNeXt_base+Morphological+HOG,early-fusion,BrEaST,BUID,Rbf SVC,z-score,79.74137931034483,74.0821485998934,84.43173640152139,72.35772357723577,88.07339449541286
8,ConvNeXt_base+Morphological+HOG,prod,BrEaST,BrEaST,Rbf SVC,z-score,96.82539682539681,93.25442205266225,98.20847105255504,94.28571428571428,98.44155844155844
18,ConvNeXt_base+Morphological+HOG+IH,early-fusion,BUID,BUID,Rbf SVC,z-score,96.55172413793103,92.68746369879537,98.05145941934062,95.1219512195122,98.1651376146789
27,ConvNeXt_base+Morphological+HOG+IH,prod,BUID,BrEaST,Rbf SVC,z-score,79.36507936507937,73.92657950461034,83.92174604911685,71.42857142857143,84.4155844155844
17,ConvNeXt_base+Morphological+HOG+IH,early-fusion,BrEaST,BUID,Rbf SVC,z-score,79.3103448275862,73.61951463980282,84.0463430427509,70.73170731707317,88.9908256880734
24,ConvNeXt_base+Morphological+HOG+IH,prod,BrEaST,BrEaST,Rbf SVC,z-score,96.19047619047618,92.75791805722837,97.92324091888453,91.22448979591837,99.35064935064936
