,Descriptor,Fusion method,Train,Test,Classifier,Scaler,Acc.,Acc. CI_l,Acc. CI_u,Sens.,Spec.
10,ConvNeXt_base+Morphological+HOG,prod,BUID,BUID,Rbf SVC,z-score,82.75670675300647,76.87676580383499,86.7252831107463,82.93086643812597,82.86664599963831
15,ConvNeXt_base+Morphological+HOG,sum,BUID,BrEaST,Rbf SVC,z-score,80.95238095238095,75.63159163267528,85.34367043746958,74.48979591836735,85.06493506493507
1,ConvNeXt_base+Morphological+HOG,early-fusion,BrEaST,BUID,Rbf SVC,z-score,79.74137931034483,74.0821485998934,84.43173640152139,72.35772357723577,88.07339449541286
0,ConvNeXt_base+Morphological+HOG,early-fusion,BrEaST,BrEaST,Rbf SVC,z-score,80.61176470588235,75.20425127349614,84.9892766675443,70.47368421052632,87.03225806451613
