,Descriptor,Combination mode,Train,Test,Classifier,Scaler,Acc.,Acc. CI_l,Acc. CI_u,Sens.,Spec.
0,Morphological+HOG,early-fusion,BrEaST,BrEaST,Rbf SVC,z-score,77.38823529411765,71.81075672413158,82.12889818407348,70.26315789473684,81.8279569892473
1,Morphological+HOG,early-fusion,BrEaST,BUID,Rbf SVC,z-score,73.70689655172413,67.62495747565396,78.4973561415069,82.92682926829268,63.30275229357798
2,Morphological+HOG,early-fusion,BUID,BUID,Rbf SVC,z-score,76.67900092506937,70.40369183663842,81.32597461388771,76.33333333333333,76.88311688311687
3,Morphological+HOG,early-fusion,BUID,BrEaST,Rbf SVC,z-score,74.60317460317461,68.58251981999379,79.75503735508799,67.3469387755102,79.22077922077922
